{"cameraMode":{"drawMode":0,"name":"Shaded","section":"Shading Mode"},"sceneLighting":false,"audioPlay":false,"sceneViewState":{"m_AlwaysRefresh":false,"showFog":true,"showSkybox":false,"showFlares":true,"showImageEffects":true,"showParticleSystems":true,"showVisualEffectGraphs":true,"m_FxEnabled":true},"in2DMode":false,"pivot":{"x":0.8393667936325073,"y":0.4862566590309143,"z":0.6713898777961731},"rotation":{"x":0.160617858171463,"y":0.7017728686332703,"z":-0.16724951565265656,"w":0.6737056374549866},"size":0.7837826609611511,"orthographic":true}