{"cameraMode":{"drawMode":0,"name":"Shaded","section":"Shading Mode"},"sceneLighting":false,"audioPlay":false,"sceneViewState":{"m_AlwaysRefresh":false,"showFog":true,"showSkybox":false,"showFlares":true,"showImageEffects":true,"showParticleSystems":true,"showVisualEffectGraphs":true,"m_FxEnabled":true},"in2DMode":false,"pivot":{"x":0.18354403972625733,"y":0.7795443534851074,"z":1.3010053634643555},"rotation":{"x":0.1772301197052002,"y":0.6921465396881104,"z":-0.18153180181980134,"w":0.6757258772850037},"size":0.9923800826072693,"orthographic":true}