{"cameraMode":{"drawMode":0,"name":"Shaded","section":"Shading Mode"},"sceneLighting":false,"audioPlay":false,"sceneViewState":{"m_AlwaysRefresh":false,"showFog":true,"showSkybox":false,"showFlares":true,"showImageEffects":true,"showParticleSystems":true,"showVisualEffectGraphs":true,"m_FxEnabled":true},"in2DMode":false,"pivot":{"x":0.46285414695739748,"y":2.9108400344848635,"z":-0.4347202181816101},"rotation":{"x":0.22021783888339997,"y":0.5108606815338135,"z":-0.1372678130865097,"w":0.8195656538009644},"size":0.8660253882408142,"orthographic":true}