{"cameraMode":{"drawMode":0,"name":"Shaded","section":"Shading Mode"},"sceneLighting":true,"audioPlay":false,"sceneViewState":{"m_AlwaysRefresh":false,"showFog":true,"showSkybox":false,"showFlares":true,"showImageEffects":true,"showParticleSystems":true,"showVisualEffectGraphs":true,"m_FxEnabled":true},"in2DMode":false,"pivot":{"x":0.5652735233306885,"y":0.36368969082832339,"z":1.0573234558105469},"rotation":{"x":-0.08478008955717087,"y":-0.5849679112434387,"z":0.06162646785378456,"w":-0.8043054938316345},"size":0.9756408929824829,"orthographic":false}