{"cameraMode":{"drawMode":0,"name":"Shaded","section":"Shading Mode"},"sceneLighting":false,"audioPlay":false,"sceneViewState":{"m_AlwaysRefresh":false,"showFog":true,"showSkybox":false,"showFlares":true,"showImageEffects":true,"showParticleSystems":true,"showVisualEffectGraphs":true,"m_FxEnabled":true},"in2DMode":false,"pivot":{"x":2.007901668548584,"y":1.0647069215774537,"z":1.2931171655654908},"rotation":{"x":-0.049018580466508868,"y":-0.9420543313026428,"z":0.15832045674324037,"w":-0.2917284071445465},"size":1.6494746208190919,"orthographic":true}