{"cameraMode":{"drawMode":0,"name":"Shaded","section":"Shading Mode"},"sceneLighting":false,"audioPlay":false,"sceneViewState":{"m_AlwaysRefresh":false,"showFog":true,"showSkybox":false,"showFlares":true,"showImageEffects":true,"showParticleSystems":true,"showVisualEffectGraphs":true,"m_FxEnabled":true},"in2DMode":false,"pivot":{"x":1.9917596578598023,"y":0.5500882863998413,"z":1.0905264616012574},"rotation":{"x":-0.0591915063560009,"y":-0.6483439803123474,"z":0.05067804455757141,"w":-0.7573749423027039},"size":0.8165587782859802,"orthographic":true}