{"cameraMode":{"drawMode":0,"name":"Shaded","section":"Shading Mode"},"sceneLighting":false,"audioPlay":false,"sceneViewState":{"m_AlwaysRefresh":false,"showFog":true,"showSkybox":false,"showFlares":true,"showImageEffects":true,"showParticleSystems":true,"showVisualEffectGraphs":true,"m_FxEnabled":true},"in2DMode":false,"pivot":{"x":-0.001109391450881958,"y":0.9060154557228088,"z":0.02254393696784973},"rotation":{"x":-0.010203482583165169,"y":0.9504796266555786,"z":0.0313771590590477,"w":0.30907976627349856},"size":1.4679828882217408,"orthographic":true}