{"cameraMode":{"drawMode":0,"name":"Shaded","section":"Shading Mode"},"sceneLighting":true,"audioPlay":false,"sceneViewState":{"m_AlwaysRefresh":false,"showFog":true,"showSkybox":false,"showFlares":true,"showImageEffects":true,"showParticleSystems":true,"showVisualEffectGraphs":true,"m_FxEnabled":true},"in2DMode":false,"pivot":{"x":-0.010499954223632813,"y":0.6840000152587891,"z":0.16549992561340333},"rotation":{"x":0.00594580452889204,"y":0.13399390876293183,"z":-0.0008051918121054769,"w":0.990979015827179},"size":1.548486590385437,"orthographic":true}