{"cameraMode":{"drawMode":0,"name":"Shaded","section":"Shading Mode"},"sceneLighting":false,"audioPlay":false,"sceneViewState":{"m_AlwaysRefresh":false,"showFog":true,"showSkybox":false,"showFlares":true,"showImageEffects":true,"showParticleSystems":true,"showVisualEffectGraphs":true,"m_FxEnabled":true},"in2DMode":false,"pivot":{"x":1.6376961469650269,"y":0.8905109763145447,"z":0.7654538154602051},"rotation":{"x":-0.027952780947089196,"y":-0.2582816183567047,"z":0.00772404670715332,"w":-0.9657403230667114},"size":1.599577784538269,"orthographic":true}