{"cameraMode":{"drawMode":0,"name":"Shaded","section":"Shading Mode"},"sceneLighting":false,"audioPlay":false,"sceneViewState":{"m_AlwaysRefresh":false,"showFog":true,"showSkybox":false,"showFlares":true,"showImageEffects":true,"showParticleSystems":true,"showVisualEffectGraphs":true,"m_FxEnabled":true},"in2DMode":false,"pivot":{"x":1.4791591167449952,"y":0.7035619616508484,"z":0.6255672574043274},"rotation":{"x":0.11671967804431915,"y":0.7468234300613403,"z":-0.13642440736293794,"w":0.6404989957809448},"size":1.7776113748550416,"orthographic":true}