{"cameraMode":{"drawMode":0,"name":"Shaded","section":"Shading Mode"},"sceneLighting":true,"audioPlay":false,"sceneViewState":{"m_AlwaysRefresh":false,"showFog":true,"showSkybox":true,"showFlares":true,"showImageEffects":true,"showParticleSystems":true,"showVisualEffectGraphs":true,"m_FxEnabled":true},"in2DMode":false,"pivot":{"x":547.98193359375,"y":330.66534423828127,"z":198.69183349609376},"rotation":{"x":0.0134943388402462,"y":-0.029095469042658807,"z":0.0003837675612885505,"w":0.9995039701461792},"size":786.3599243164063,"orthographic":true}