{"cameraMode":{"drawMode":0,"name":"Shaded","section":"Shading Mode"},"sceneLighting":true,"audioPlay":false,"sceneViewState":{"m_AlwaysRefresh":false,"showFog":true,"showSkybox":true,"showFlares":true,"showImageEffects":true,"showParticleSystems":true,"showVisualEffectGraphs":true,"m_FxEnabled":true},"in2DMode":false,"pivot":{"x":618.701171875,"y":405.0905456542969,"z":-28.70108413696289},"rotation":{"x":-0.0015000517014414073,"y":0.007195641286671162,"z":-0.000028957563699805178,"w":-1.0000061988830567},"size":433.69793701171877,"orthographic":false}