{"cameraMode":{"drawMode":0,"name":"Shaded","section":"Shading Mode"},"sceneLighting":true,"audioPlay":false,"sceneViewState":{"m_AlwaysRefresh":false,"showFog":true,"showSkybox":true,"showFlares":true,"showImageEffects":true,"showParticleSystems":true,"showVisualEffectGraphs":true,"m_FxEnabled":true},"in2DMode":false,"pivot":{"x":243.52188110351563,"y":448.88641357421877,"z":-49.543212890625},"rotation":{"x":0.00594580452889204,"y":0.13399390876293183,"z":-0.0008051918121054769,"w":0.990979015827179},"size":587.6246337890625,"orthographic":true}