{"cameraMode":{"drawMode":0,"name":"Shaded","section":"Shading Mode"},"sceneLighting":false,"audioPlay":false,"sceneViewState":{"m_AlwaysRefresh":false,"showFog":true,"showSkybox":false,"showFlares":true,"showImageEffects":true,"showParticleSystems":true,"showVisualEffectGraphs":true,"m_FxEnabled":true},"in2DMode":false,"pivot":{"x":-0.02400958724319935,"y":0.7043110132217407,"z":0.470857709646225},"rotation":{"x":-0.044284719973802569,"y":0.0951605960726738,"z":0.004230998922139406,"w":0.9944878220558167},"size":0.8764762282371521,"orthographic":true}