{"cameraMode":{"drawMode":0,"name":"Shaded","section":"Shading Mode"},"sceneLighting":false,"audioPlay":false,"sceneViewState":{"m_AlwaysRefresh":false,"showFog":true,"showSkybox":false,"showFlares":true,"showImageEffects":true,"showParticleSystems":true,"showVisualEffectGraphs":true,"m_FxEnabled":true},"in2DMode":false,"pivot":{"x":0.3202579915523529,"y":0.5663333535194397,"z":1.1605000495910645},"rotation":{"x":-0.17052358388900758,"y":-0.6808003783226013,"z":0.16769284009933473,"w":-0.6923478841781616},"size":0.8988397717475891,"orthographic":true}