{"cameraMode":{"drawMode":0,"name":"Shaded","section":"Shading Mode"},"sceneLighting":false,"audioPlay":false,"sceneViewState":{"m_AlwaysRefresh":false,"showFog":true,"showSkybox":false,"showFlares":true,"showImageEffects":true,"showParticleSystems":true,"showVisualEffectGraphs":true,"m_FxEnabled":true},"in2DMode":false,"pivot":{"x":0.3202579915523529,"y":0.5663333535194397,"z":1.1605000495910645},"rotation":{"x":0.00594580452889204,"y":0.13399390876293183,"z":-0.0008051918121054769,"w":0.990979015827179},"size":1.360353946685791,"orthographic":true}