{"cameraMode":{"drawMode":0,"name":"Shaded","section":"Shading Mode"},"sceneLighting":true,"audioPlay":false,"sceneViewState":{"m_AlwaysRefresh":false,"showFog":true,"showSkybox":false,"showFlares":true,"showImageEffects":true,"showParticleSystems":true,"showVisualEffectGraphs":true,"m_FxEnabled":true},"in2DMode":false,"pivot":{"x":0.09308253973722458,"y":0.42307257652282717,"z":0.09475509077310562},"rotation":{"x":-0.009504211135208607,"y":-0.8708487749099731,"z":0.01702544279396534,"w":-0.4912656545639038},"size":0.43966737389564516,"orthographic":true}