{"cameraMode":{"drawMode":0,"name":"Shaded","section":"Shading Mode"},"sceneLighting":true,"audioPlay":false,"sceneViewState":{"m_AlwaysRefresh":false,"showFog":true,"showSkybox":false,"showFlares":true,"showImageEffects":true,"showParticleSystems":true,"showVisualEffectGraphs":true,"m_FxEnabled":true},"in2DMode":false,"pivot":{"x":-0.1813639998435974,"y":0.6068873405456543,"z":0.45279109477996828},"rotation":{"x":0.045300357043743137,"y":-0.5765756964683533,"z":0.032016854733228686,"w":0.8151878714561462},"size":1.3467351198196412,"orthographic":true}