{"cameraMode":{"drawMode":0,"name":"Shaded","section":"Shading Mode"},"sceneLighting":true,"audioPlay":false,"sceneViewState":{"m_AlwaysRefresh":false,"showFog":true,"showSkybox":false,"showFlares":true,"showImageEffects":true,"showParticleSystems":true,"showVisualEffectGraphs":true,"m_FxEnabled":true},"in2DMode":false,"pivot":{"x":0.1258491575717926,"y":0.5755899548530579,"z":0.17909672856330872},"rotation":{"x":0.24575486779212953,"y":0.12660212814807893,"z":-0.0325339213013649,"w":0.9605278372764587},"size":0.6721954345703125,"orthographic":true}