{"cameraMode":{"drawMode":0,"name":"Shaded","section":"Shading Mode"},"sceneLighting":true,"audioPlay":false,"sceneViewState":{"m_AlwaysRefresh":false,"showFog":true,"showSkybox":false,"showFlares":true,"showImageEffects":true,"showParticleSystems":true,"showVisualEffectGraphs":true,"m_FxEnabled":true},"in2DMode":false,"pivot":{"x":0.09308253973722458,"y":0.42307257652282717,"z":0.09475509077310562},"rotation":{"x":0.08492977172136307,"y":-0.8210740685462952,"z":0.12655331194400788,"w":0.5501877665519714},"size":0.43966737389564516,"orthographic":true}