{"cameraMode":{"drawMode":0,"name":"Shaded","section":"Shading Mode"},"sceneLighting":false,"audioPlay":false,"sceneViewState":{"m_AlwaysRefresh":false,"showFog":true,"showSkybox":false,"showFlares":true,"showImageEffects":true,"showParticleSystems":true,"showVisualEffectGraphs":true,"m_FxEnabled":true},"in2DMode":false,"pivot":{"x":0.012635555118322373,"y":0.0039915889501571659,"z":0.017460130155086519},"rotation":{"x":0.00594580452889204,"y":0.13399390876293183,"z":-0.0008051918121054769,"w":0.990979015827179},"size":0.204354926943779,"orthographic":true}