{"cameraMode":{"drawMode":0,"name":"Shaded","section":"Shading Mode"},"sceneLighting":false,"audioPlay":false,"sceneViewState":{"m_AlwaysRefresh":false,"showFog":true,"showSkybox":false,"showFlares":true,"showImageEffects":true,"showParticleSystems":true,"showVisualEffectGraphs":true,"m_FxEnabled":true},"in2DMode":false,"pivot":{"x":-0.0009942054748535157,"y":0.9116764068603516,"z":-0.009904839098453522},"rotation":{"x":-0.010203482583165169,"y":0.9504796266555786,"z":0.0313771590590477,"w":0.30907976627349856},"size":1.4186128377914429,"orthographic":true}