{"cameraMode":{"drawMode":0,"name":"Shaded","section":"Shading Mode"},"sceneLighting":false,"audioPlay":false,"sceneViewState":{"m_AlwaysRefresh":false,"showFog":true,"showSkybox":false,"showFlares":true,"showImageEffects":true,"showParticleSystems":true,"showVisualEffectGraphs":true,"m_FxEnabled":true},"in2DMode":false,"pivot":{"x":0.5648541450500488,"y":2.7078399658203127,"z":-0.4347202181816101},"rotation":{"x":-0.010463541373610497,"y":-0.08300217986106873,"z":-0.0008732623537071049,"w":0.9965020418167114},"size":0.36416056752204897,"orthographic":true}