{"playerPositionX":-2.5,"playerPositionY":0.0,"playerPositionZ":-0.5,"cameraRotationX":46.48277282714844,"cameraRotationY":349.0113525390625,"cameraRotationZ":-0.0000012399178785926779}