{"playerPositionX":-1.0,"playerPositionY":-5.21540641784668e-8,"playerPositionZ":-2.0,"cameraRotationX":49.54499053955078,"cameraRotationY":353.5255126953125,"cameraRotationZ":0.0}