{"cameraMode":{"drawMode":0,"name":"Shaded","section":"Shading Mode"},"sceneLighting":false,"audioPlay":false,"sceneViewState":{"m_AlwaysRefresh":false,"showFog":true,"showSkybox":false,"showFlares":true,"showImageEffects":true,"showParticleSystems":true,"showVisualEffectGraphs":true,"m_FxEnabled":true},"in2DMode":false,"pivot":{"x":0.18711979687213899,"y":0.6798648834228516,"z":0.4327402114868164},"rotation":{"x":0.0006017638370394707,"y":-0.9990158081054688,"z":0.04238142445683479,"w":0.014785678125917912},"size":0.8070683479309082,"orthographic":true}