{"cameraMode":{"drawMode":0,"name":"Shaded","section":"Shading Mode"},"sceneLighting":false,"audioPlay":false,"sceneViewState":{"m_AlwaysRefresh":false,"showFog":true,"showSkybox":false,"showFlares":true,"showImageEffects":true,"showParticleSystems":true,"showVisualEffectGraphs":true,"m_FxEnabled":true},"in2DMode":false,"pivot":{"x":-7.82310962677002e-8,"y":-0.010067731142044068,"z":0.3436143100261688},"rotation":{"x":-0.010203482583165169,"y":0.9504796266555786,"z":0.0313771590590477,"w":0.30907976627349856},"size":0.4746190309524536,"orthographic":true}