{"cameraMode":{"drawMode":0,"name":"Shaded","section":"Shading Mode"},"sceneLighting":false,"audioPlay":false,"sceneViewState":{"m_AlwaysRefresh":false,"showFog":true,"showSkybox":false,"showFlares":true,"showImageEffects":true,"showParticleSystems":true,"showVisualEffectGraphs":true,"m_FxEnabled":true},"in2DMode":false,"pivot":{"x":-0.12278640270233154,"y":0.49215757846832278,"z":0.10829603672027588},"rotation":{"x":0.12496969103813172,"y":0.35743895173072817,"z":-0.048351697623729709,"w":0.9243093132972717},"size":0.6149148344993591,"orthographic":true}