{"cameraMode":{"drawMode":0,"name":"Shaded","section":"Shading Mode"},"sceneLighting":false,"audioPlay":false,"sceneViewState":{"m_AlwaysRefresh":false,"showFog":true,"showSkybox":false,"showFlares":true,"showImageEffects":true,"showParticleSystems":true,"showVisualEffectGraphs":true,"m_FxEnabled":true},"in2DMode":false,"pivot":{"x":0.07026998698711395,"y":0.5411370992660523,"z":0.29165852069854739},"rotation":{"x":0.06395474076271057,"y":-0.3514717221260071,"z":0.024109281599521638,"w":0.9337664246559143},"size":0.5163402557373047,"orthographic":true}