{"cameraMode":{"drawMode":0,"name":"Shaded","section":"Shading Mode"},"sceneLighting":false,"audioPlay":false,"sceneViewState":{"m_AlwaysRefresh":false,"showFog":true,"showSkybox":false,"showFlares":true,"showImageEffects":true,"showParticleSystems":true,"showVisualEffectGraphs":true,"m_FxEnabled":true},"in2DMode":false,"pivot":{"x":0.07026998698711395,"y":0.5411370992660523,"z":0.29165852069854739},"rotation":{"x":0.11844707280397415,"y":0.2833026051521301,"z":-0.035275980830192569,"w":0.951103925704956},"size":1.191641092300415,"orthographic":true}