{"cameraMode":{"drawMode":0,"name":"Shaded","section":"Shading Mode"},"sceneLighting":false,"audioPlay":false,"sceneViewState":{"m_AlwaysRefresh":false,"showFog":true,"showSkybox":false,"showFlares":true,"showImageEffects":true,"showParticleSystems":true,"showVisualEffectGraphs":true,"m_FxEnabled":true},"in2DMode":false,"pivot":{"x":0.5648541450500488,"y":2.7078399658203127,"z":-0.4347202181816101},"rotation":{"x":-0.008984141051769257,"y":0.059361305087804797,"z":0.0005333247827365994,"w":0.9982041716575623},"size":0.36416056752204897,"orthographic":true}