{"cameraMode":{"drawMode":0,"name":"Shaded","section":"Shading Mode"},"sceneLighting":true,"audioPlay":false,"sceneViewState":{"m_AlwaysRefresh":false,"showFog":true,"showSkybox":false,"showFlares":true,"showImageEffects":true,"showParticleSystems":true,"showVisualEffectGraphs":true,"m_FxEnabled":true},"in2DMode":false,"pivot":{"x":-0.04550004005432129,"y":0.7664999961853027,"z":0.19700002670288087},"rotation":{"x":0.045300357043743137,"y":-0.5765756964683533,"z":0.032016854733228686,"w":0.8151878714561462},"size":12.259782791137696,"orthographic":true}