{"cameraMode":{"drawMode":0,"name":"Shaded","section":"Shading Mode"},"sceneLighting":true,"audioPlay":false,"sceneViewState":{"m_AlwaysRefresh":false,"showFog":true,"showSkybox":false,"showFlares":true,"showImageEffects":true,"showParticleSystems":true,"showVisualEffectGraphs":true,"m_FxEnabled":true},"in2DMode":false,"pivot":{"x":-0.009316205978393555,"y":1.7547138929367066,"z":-0.26355886459350588},"rotation":{"x":-0.017596440389752389,"y":-0.9801148176193237,"z":0.10180816054344177,"w":-0.16956287622451783},"size":6.062177658081055,"orthographic":true}