{"cameraMode":{"drawMode":0,"name":"Shaded","section":"Shading Mode"},"sceneLighting":false,"audioPlay":false,"sceneViewState":{"m_AlwaysRefresh":false,"showFog":false,"showSkybox":false,"showFlares":false,"showImageEffects":false,"showParticleSystems":false,"showVisualEffectGraphs":true,"m_FxEnabled":true},"in2DMode":false,"pivot":{"x":0.5278757810592651,"y":0.5429455637931824,"z":-0.7308618426322937},"rotation":{"x":-0.017596440389752389,"y":-0.9801148176193237,"z":0.10180816054344177,"w":-0.16956287622451783},"size":1.0893328189849854,"orthographic":true}