{"cameraMode":{"drawMode":0,"name":"Shaded","section":"Shading Mode"},"sceneLighting":false,"audioPlay":false,"sceneViewState":{"m_AlwaysRefresh":false,"showFog":true,"showSkybox":false,"showFlares":true,"showImageEffects":true,"showParticleSystems":true,"showVisualEffectGraphs":true,"m_FxEnabled":true},"in2DMode":false,"pivot":{"x":0.5706704258918762,"y":2.5504040718078615,"z":-0.4358162581920624},"rotation":{"x":-0.125660240650177,"y":0.011308287270367146,"z":0.0014298773603513837,"w":0.9920198917388916},"size":0.3764462172985077,"orthographic":true}