{"cameraMode":{"drawMode":0,"name":"Shaded","section":"Shading Mode"},"sceneLighting":false,"audioPlay":false,"sceneViewState":{"m_AlwaysRefresh":false,"showFog":true,"showSkybox":false,"showFlares":true,"showImageEffects":true,"showParticleSystems":true,"showVisualEffectGraphs":true,"m_FxEnabled":true},"in2DMode":false,"pivot":{"x":-3.6180803775787355,"y":-2.2394638061523439,"z":2.1356444358825685},"rotation":{"x":0.0134943388402462,"y":-0.029095469042658807,"z":0.0003837675612885505,"w":0.9995039701461792},"size":1.2552363872528077,"orthographic":true}